-- phpMyAdmin SQL Dump
-- version 4.7.7
-- https://www.phpmyadmin.net/
--
-- Хост: localhost
-- Время создания: Ноя 16 2019 г., 16:47
-- Версия сервера: 5.7.21-20-beget-5.7.21-20-1-log
-- Версия PHP: 5.6.38

SET SQL_MODE = "NO_AUTO_VALUE_ON_ZERO";
SET AUTOCOMMIT = 0;
START TRANSACTION;
SET time_zone = "+00:00";


/*!40101 SET @OLD_CHARACTER_SET_CLIENT=@@CHARACTER_SET_CLIENT */;
/*!40101 SET @OLD_CHARACTER_SET_RESULTS=@@CHARACTER_SET_RESULTS */;
/*!40101 SET @OLD_COLLATION_CONNECTION=@@COLLATION_CONNECTION */;
/*!40101 SET NAMES utf8mb4 */;

--
-- База данных: `o927227q_sil`
--

-- --------------------------------------------------------

--
-- Структура таблицы `attached_files`
--
-- Создание: Ноя 16 2019 г., 13:20
-- Последнее обновление: Ноя 16 2019 г., 13:43
--

DROP TABLE IF EXISTS `attached_files`;
CREATE TABLE `attached_files` (
  `attached_file_id` int(11) NOT NULL,
  `entity_id` int(11) NOT NULL,
  `entity` enum('','blog','comment','avatar') NOT NULL,
  `file_name` varchar(255) NOT NULL,
  `is_image` tinyint(1) NOT NULL DEFAULT '0',
  `fileNameOnDisk` varchar(255) NOT NULL,
  `created_id` int(11) NOT NULL,
  `created_at` datetime NOT NULL,
  `deleted` tinyint(1) NOT NULL DEFAULT '0'
) ENGINE=InnoDB DEFAULT CHARSET=utf8;

--
-- Дамп данных таблицы `attached_files`
--

INSERT INTO `attached_files` (`attached_file_id`, `entity_id`, `entity`, `file_name`, `is_image`, `fileNameOnDisk`, `created_id`, `created_at`, `deleted`) VALUES
(1, 18, 'comment', '101_0102.JPG', 1, 'http://сил.орг/uploads/101_0102.JPG', 3, '2019-11-13 18:44:57', 0),
(2, 18, 'comment', '101_0104.JPG', 1, 'http://сил.орг/uploads/101_0104.JPG', 3, '2019-11-13 18:46:17', 1),
(3, 23, 'comment', 'РПКСН.jpg', 1, 'http://сил.орг/uploads/РПКСН.jpg', 19, '2019-11-14 21:32:25', 0),
(4, 24, 'comment', 'РПКСН1.jpg', 1, 'http://сил.орг/uploads/РПКСН1.jpg', 3, '2019-11-14 21:35:47', 0),
(5, 5, 'avatar', 'ava.jpeg', 1, 'http://сил.орг/uploads/ava.jpeg', 5, '2019-11-16 16:43:06', 0);

-- --------------------------------------------------------

--
-- Структура таблицы `blog`
--
-- Создание: Ноя 16 2019 г., 13:20
-- Последнее обновление: Ноя 16 2019 г., 13:20
--

DROP TABLE IF EXISTS `blog`;
CREATE TABLE `blog` (
  `blog_id` int(11) NOT NULL,
  `parent_id` int(11) NOT NULL DEFAULT '0',
  `type` enum('','solution','techfail') NOT NULL DEFAULT '',
  `title` varchar(255) NOT NULL,
  `description` text NOT NULL,
  `sort` tinyint(3) NOT NULL DEFAULT '0',
  `visible` tinyint(1) NOT NULL DEFAULT '1',
  `moderated` tinyint(1) NOT NULL DEFAULT '0',
  `owner` tinyint(1) NOT NULL DEFAULT '0',
  `updated_at` datetime NOT NULL,
  `updated_id` int(11) NOT NULL,
  `created_at` datetime NOT NULL,
  `created_id` int(11) NOT NULL,
  `deleted` tinyint(1) NOT NULL DEFAULT '0'
) ENGINE=InnoDB DEFAULT CHARSET=utf8;

--
-- Дамп данных таблицы `blog`
--

INSERT INTO `blog` (`blog_id`, `parent_id`, `type`, `title`, `description`, `sort`, `visible`, `moderated`, `owner`, `updated_at`, `updated_id`, `created_at`, `created_id`, `deleted`) VALUES
(8, 0, 'solution', 'Как можно поливать городские деревья.', '<p>Поливать деревья можно в горловину системы дренажных труб, которые установили одновременно в посадкой саженца, а не в приствольный круг. Это даст экономию времени, ресурсов и деревья будут зеленеть.</p>\r\n', 0, 1, 1, 0, '2019-11-10 13:46:49', 3, '2019-10-09 23:52:48', 3, 0),
(12, 0, 'solution', 'Как я бросил курить.', '     Бросить курить сразу и навсегда очень трудно, дня через три \"полезешь\" на стену. К такому \"подвигу\" я не был готов.\r\n     Просто вечером на листочке в клеточку отмечал сколько выкурил за день. По вертикали - количество, по горизонтали - дата. График лез вверх, тогда я ругал  себя, если график вниз - то хвалил. Время \"бросания\" не ограничено и можно посмотреть, как ты \"не очень\" курил когда-то и сравнить как сейчас. Может и вам поможет. Желаю Всем Удачи в битве никотином. ', 0, 1, 0, 0, '2019-10-25 16:42:30', 3, '2019-10-16 13:28:32', 3, 1),
(14, 0, 'solution', 'Как сохранить надолго свежий виноград', '<p>Бабушкин рецепт: Гроздь винограда вместе с веточкой моется теплой водой и просушивается, чтобы ягоды стали сухими (1 час). На водяной бане растопить воск или парафин. На несколько секунд окунуть гроздь в расплав затем окунуть ее в холодную воду. Хранить виноград в прохладном месте, в подвешенном состоянии. Чтобы снять парафин (воск) достаточно на 5-10 секунд гроздь окунуть в горячую воду. Хранится хорошо до 6 месяцев.</p>\r\n', 0, 1, 1, 0, '2019-11-10 22:03:52', 3, '2019-10-18 13:22:31', 3, 0),
(15, 0, 'solution', 'Как сушить яблоки без забот', '<p>Насушить яблоки, не убирая их на ночь от росы, на время дождя, можно рассыпав нарезанные яблоки на ровную поверхность (у меня временно, 3 года, лист ДВП) и обдувать их большим, маломощным и бесшумным вентилятором. Такие вентиляторы сейчас есть практически в каждом доме. Место для этого можно выбрать где это особенно не помешает (чердак, 2 этаж дачи и т.п.). Форточки лучше закрыть сеткой от &quot;дурных&quot; здоровых мух - разносчиков заразы. Минус: 1- Первые 5-7 часов кусочки яблок надо ворошить, пока их грани не заветрятся. Плюсы способа: 1- Не надо следить за временем суток и погодой. 2- Дрозофилы не заводятся, их сдувает. 3- В помещении хороший запах яблок. Проверено лично. Работает...</p>\r\n', 0, 1, 0, 0, '2019-11-10 22:07:00', 3, '2019-10-18 14:50:11', 3, 0),
(16, 0, 'solution', 'Как заинтересовать людей, чтобы они делились полезной, информацией, красивым решением задачи?', '<p>Иногда бывает, что человек знает, а делиться этим не хочет. Возможно он получает от этого прибыль. Как увеличить его и общую прибыль?</p>\r\n', 0, 1, 0, 0, '2019-11-10 22:08:06', 3, '2019-10-19 18:16:05', 3, 0),
(17, 0, 'solution', 'Чтобы гвозди были малоприметны и доски не треснули.', '<p>Иногда хочется прибить гвоздем так, чтобы шляпки гвоздей были не очень заметны, можно предварительно сплющить шляпку до плоской и забивать. Шляпка гвоздика войдет в древесину и станет не так заметна. Держать будет нормально. PS. Если гвоздь будет тупой, то доски редко трескаются.</p>\r\n', 0, 1, 0, 0, '2019-11-10 22:09:19', 3, '2019-10-22 01:56:50', 3, 0),
(18, 0, 'solution', 'Крепление реек в парилке.', '<p>Какие бы сухие рейки ни возьмешь для парилки они все равно усохнут и между ними будут неприятные щели. А если прикрепить рейки внахлест и горизонтально, то они будут &quot;дышать&quot; и щели между ними не увидишь. Внешне это будет похоже на борт шлюпки.</p>\r\n', 0, 1, 0, 0, '2019-11-13 18:47:48', 3, '2019-10-22 02:09:55', 3, 0),
(19, 0, 'solution', '\"Ямочный\" ремонт дорог ', '<p>Когда едешь за рулем ямы раздражают и .... Но иногда из стихийных &quot;колдобин&quot; дорожники делают ямы правильной формы, по которым ездишь месяц а то и больше плюс ещё недоумение: &quot;Что они там? Специально?&quot; Когда наконец увидел, ямы &quot;правильной&quot; формы заделывают, задал вопрос:&quot;Почему Вы так делаете? Нельзя сразу сделать?&quot;. Мне ответили, что на асфальтовом заводе норма отпуска горячего асфальта - КАМАЗ. И пока они не наковыряют ям на КАМАЗ заделывать их не будут. Сами же и подсказали решение. &quot;Надо пять бригад по ковырянию и одну по заделке.&quot; Вот так. Может кому пригодится.</p>\r\n', 0, 1, 0, 0, '2019-11-10 22:12:22', 3, '2019-10-22 02:30:56', 3, 0),
(21, 0, 'solution', 'Борьба с сорняками', '<p>Простой способ борьбы с сорняками на стоянке машины на даче (покрытие-щебень). Устав от покупки всяких вредных химикатов засыпал стоянку пищевой солью ( 30 кг.- 240 р.)! После дождика (можно полить из шланга) через неделю вся трава пожухла и больше не растет!!! Обработку можно повторить пару раз и забудете про траву!&nbsp;</p>\r\n\r\n<div>Информация от старых сельских жителей.</div>\r\n', 0, 1, 0, 0, '2019-11-10 22:17:42', 3, '2019-10-22 18:49:37', 6, 0),
(22, 0, 'solution', 'Сохрани тормозные колодки', '<p>Прадо-150 4л бензин пробег 70000км колодки еще родные толщина 8 мм</p>\r\n\r\n<div>По делу и без дела использую круиз-контроль (ну конечно про наличии). Замедление происходит за чсет компрессии двигателя и только в экстренном случае - включается АБС.</div>\r\n\r\n<div>Все индивидуально - но колодки еще целые. Может кому и пригодится.</div>\r\n', 0, 1, 0, 0, '2019-11-10 22:20:07', 3, '2019-10-22 18:56:45', 6, 0),
(23, 0, 'solution', 'Почему опадают почти все ягоды чернослива не дозрев?', '<p>Чернослив - очень вкусный. Долго не давал никакого урожая. Его решили спилить, но отвлеклись и забыли. В тот год дал супер урожай, а теперь уже два года хорошо цветет, много ягод. Но ягоды почти 100% опадают не дозрев. Обрезал его весной, летом, пока ягоды ещё висели, внес удобрения, поливал. Все равно они опали. Но на этот год их раза в три больше осталось (штук 15). Чо делать? Может опять захотеть его спилить? (Это в Саратове)</p>\r\n', 0, 1, 0, 0, '2019-11-10 22:20:56', 3, '2019-10-25 19:21:16', 3, 0),
(24, 0, 'solution', 'Как лучше принимать крупный объект от исполнителей.', '<p>При приемке крупного объекта надо, чтобы все сотрудники принимающей стороны имели постоянную возможность <strong><em><span style=\"color:#f83a22\">в письменной форме, в едином журнале</span></em></strong> довести до своего руководства <strong><em><span style=\"color:#f83a22\">любые</span></em></strong> замеченные недостатки, как организовал наш командир БЧ-5, когда корабль еще только строился. Хороший корабль сошел со стапелей.</p>\r\n', 0, 1, 0, 0, '2019-11-10 22:42:04', 3, '2019-10-25 21:42:37', 3, 0),
(25, 0, 'solution', 'Как лучше принимать крупный объект от исполнителей.', '<p>При приемке крупного объекта надо, чтобы все сотрудники принимающей стороны имели постоянную возможность <strong><em><span style=\"color:#f83a22\">в письменной форме, в едином журнале</span></em></strong> довести до своего руководства&nbsp;<strong><em><span style=\"color:#f83a22\">любые</span></em></strong>&nbsp;замеченные недостатки, как организовал наш командир БЧ-5, когда корабль еще только строился. Хороший корабль сошел со стапелей.</p>\r\n', 0, 1, 0, 0, '2019-11-10 22:50:11', 3, '2019-10-25 21:50:48', 3, 0),
(26, 0, 'solution', 'Что делать если сломалась помпа охлаждения двигателя от забортной воды', '<p>Когда у меня на катере &quot;полетела&quot; помпа&nbsp; забортной воды, имели ход не больше 5 мин, потом движок закипал. Пока остывали нас ветром опять затаскивало в камыши. Мой друг придумал, что через корпус теплообменника тосола с забортной водой можно прокачивать не помпой, а самотеком. Приемный кингстон помпы закрыли, сняли с неё ремень привода и шланг подачи воды на холодильник. Этот шланг подняли наверх, вставили в него воронку из пластиковой бутыли. Дальше просто гениально: один черпает воду из-за борта, второй подтаскивает ведро, третий заливает воду в воронку, а я у штурвала. Дошли до базы без замечаний. Спасибо Марату.</p>\r\n', 0, 1, 0, 0, '2019-11-10 22:23:37', 3, '2019-10-27 21:57:15', 3, 0),
(27, 0, 'solution', 'Как стерилизовать банки в микроволновке', '<p>Банки можно стерилизовать простым способом в микроволновке. Но помните, что банки с металлическими частями и металлические крышки, впрочем любой металл, нельзя стерилизовать таким образом.</p>\r\n\r\n<div>Вымойте банки, поместите их в микроволновку, там может остаться небольшое количество воды. Мощность должна быть 700-800Вт. В зависимости от размера банок устанавливайте время. Небольшие по 0,5л примерно 2-3 минуты, также зависит сколько вы поместили банок. Если несколько, то время увеличивается. 1,5 - 3 литровым банкам дайте до 4-5 минут. Если банка большая, то положите её на бок. Когда достаёте банки из микроволновки, пользуйтесь полотенцем, чтобы не обжечься. Баночки достаёт уже сухие и готовые к закруткам. Больше не нужно рисковать с кипятком и сохраняет вам время. Успехов всем и приятного аппетита.</div>\r\n\r\n<p>Банки можно стерилизовать простым способом в микроволновке. Но помните, что банки с металлическими частями и металлические крышки, впрочем любой металл, нельзя стерилизовать таким образом.</p>\r\n\r\n<div>Вымойте банки, поместите их в микроволновку, там может остаться небольшое количество воды. Мощность должна быть 700-800мв. В зависимости от размера банок устанавливайте время. Небольшие по 0,5л примерно 2-3 минуты, также зависит сколько вы поместили банок. Если несколько, то время увеличивается. 1,5 - 3 литровым банкам дайте до 4-5 минут. Если банка большая, то положите её на бок. Когда достаёте банки из микроволновки, пользуйтесь полотенцем, чтобы не обжечься. Баночки достаёт уже сухие и готовые к закруткам. Больше не нужно рисковать с кипятком и сохраняет вам время. Успехов всем и приятного аппетита.\r\n<p>&nbsp;</p>\r\n</div>\r\n', 0, 1, 1, 0, '2019-11-10 13:40:52', 3, '2019-10-28 03:08:23', 7, 0),
(28, 0, 'solution', 'Как быстро остановить простуду (герпес) на губе. ', '<p>Как только почувствуете, горение и это неприятное ощущение на губе, когда начинает вылезать простуда на губе, то быстро берите батарейку крону 9В (такая прямоугольная, с двумя&nbsp; исходами на верху батарейки). Смочите губу чистой водой, прикладывайте батарейку обоими исходами к губе, где горит. Можете почувствовать небольшой разряд, но это не опасно и не больно. Так прикладывайте батарейку, периодически меняя направление и ходов, чтобы ток шёл в разном направлении, это убивает, разрывает практически, вирус и не даёт болячке разрачтаться. Так прикладывайте раз 20. Потом через несколько часов повторите. Чем быстрее вы воспользуйтесь батарейкой тем лучше будет результат, но это так же эффективно, если вы пропустили начальную стадию. Ещё совет, помогают средства с лизином. Их можно принимать когда простудились и есть высокая вероятность появления простуды на губе. Профилактика прежде всего. Спросите в аптеке. Здоровья всем и делитесь вашими советами тоже.</p>\r\n', 0, 1, 0, 0, '2019-11-10 22:26:18', 3, '2019-10-28 03:34:52', 7, 0),
(29, 0, 'solution', 'Как максимально выдавить остатки содержимого из любого тюбика', '<p>Чтобы максимально выдавить остатки содержимого из любого тюбика не нужно его скручивать, а лучше, взять его за конец дальний от крышки, найти любой угол (угол стола, угол стены, угол шкафа, и тд.) и протянуть тюбик через этот угол. То есть, взяв его за конец дальний от крышки, приложить к углу, перегнуть в сторону от себя немного и с усилием тянуть, придерживая другой конец (где крышка). Это позволит всему осташемуся содержимому переместиться к выходу тюбика. Работает лучше, чем скручивать его. Я видела как делают это парикмахеры, у них всегда много тюбиков, но пригодится всем.&nbsp;</p>\r\n', 0, 1, 0, 0, '2019-10-31 11:20:01', 7, '2019-10-30 02:42:13', 7, 0),
(30, 0, 'solution', 'Задний мост \"буханки\"  УАЗ', '<p>Как то давно в разговоре с водителем &quot;скорой помощи&quot; вышли на тему, что у нас в области есть целый завод по гарантийному ремонту УАЗиков - &quot;буханок&quot; и чаще всего&nbsp; у них&nbsp;вылетал задний мост. Так водитель сказал, что поставил себе на такую машину в задний мост шестерни от ГАЗ-21 и все работает отлично. Сам я не пробовал, но может кому эта идея пригодится. Удачи.</p>\r\n', 0, 1, 0, 0, '2019-11-10 22:28:04', 3, '2019-10-31 00:24:01', 3, 0),
(31, 0, 'solution', 'Загрузка изображения', '<p><span xss=removed><span xss=removed>Для того чтобы загрузить изображение необходимо нажать на кнопку «Изображение»</span></span></p>\r\n\r\n<p><img src=\"http://сил.орг/uploads/image-20191031120243-1.png\" xss=removed></p>\r\n\r\n<p><span xss=removed><span xss=removed>Выбираем вкладку «Загрузить»</span></span></p>\r\n\r\n<p><img src=\"http://сил.орг/uploads/image-20191031120243-2.png\" xss=removed></p>\r\n\r\n<p><span xss=removed><span xss=removed>Через кнопку «Обзор» выбираем нужный файл и нажимаем кнопку «Загрузить на сервер»</span></span></p>\r\n\r\n<p><img src=\"http://сил.орг/uploads/image-20191031120243-3.png\" xss=removed></p>\r\n\r\n<p><span xss=removed><span xss=removed>После этого открывается первая вкладка где можно изменить размер изображения и другие параметры этой картинки</span></span></p>\r\n\r\n<p><img src=\"http://сил.орг/uploads/image-20191031120243-4.png\" xss=removed></p>\r\n\r\n<p><span xss=removed><span xss=removed>После нажатия кнопки «ОК» картинка будет вставлена в текст</span></span></p>\r\n\r\n<p><img src=\"http://сил.орг/uploads/image-20191031120243-5.png\" xss=removed></p>\r\n\r\n<p> </p>\r\n\r\n<p><span xss=removed><span xss=removed>Вставка ссылки на картинку аналогична с загрузкой, но ссылку нужно вставить сразу в поле «Ссылка» и нажать кнопку с круговой стрелкой чтобы изображение загрузилось и можно было менять его размеры</span></span></p>\r\n\r\n<p><img src=\"http://сил.орг/uploads/image-20191031120243-6.png\" xss=removed></p>\r\n\r\n<p> </p>\r\n', 0, 1, 0, 0, '2019-10-31 11:03:01', 5, '2019-10-31 11:03:01', 5, 1),
(32, 0, 'solution', 'тест фото', '<p><img alt=\"\" src=\"сил.орг\">Отцвели лотосы  на Раскатах в дельте Волги.<img alt=\"\" src=\"http://сил.орг/uploads/picture_004.jpg\" xss=removed></p>\r\n', 0, 1, 0, 0, '2019-10-31 15:00:15', 3, '2019-10-31 15:00:15', 3, 1),
(33, 0, 'solution', 'Как надежнее запоминать слова ин. языка и другие мелочи', '<p>Есть один хороший способ запоминания чего угодно. Будь то даты по истории, исключения из правил по русскому или новые английские слова. Нужно взять лист бумаги, нарезать его на части размером с визитку, и с одной стороны написать вопрос ( английское слово ), а с другой ответ на этот вопрос ( или, соотвтественно, перевод и транскрипцию). Потом карточки выложить одной стороной вверх и можно начинать проверять свои знания! Если на какие то вопросы Вы не ответа не помните, то эти карточки лучше складывать в отдельную стопку. Вы обязательнно запомните информацию, если будете в свободную минуту проверять себя.</p>\r\n', 0, 1, 0, 0, '2019-11-10 22:24:58', 3, '2019-11-03 14:36:19', 8, 0),
(34, 0, 'solution', 'Избавиться от \"специфического\" запаха в уличном туалете.', '<p>Как-то прочитал в интернете, проверил,работает. Спасибо автору той заметки. В уличном туалете надо иметь вытяжку на улицу из нижней части . Подойдет обыкновенная пластиковая труба Д=100 мм. По рекомендации автора покрасил наружную часть трубы аэрозольным баллончиком в черный цвет. Верх трубы нагревается под солнцем и тяга улучшается. Прощай &quot;специфический&quot; запах, обойдемся и без тебя. Пригодится дачникам и другим, у кого есть такие уличные кабинеты &quot;задумчивости&quot;.</p>\r\n', 0, 1, 0, 0, '2019-11-10 22:29:34', 3, '2019-11-03 17:14:06', 3, 0),
(43, 0, 'solution', 'Как я бросил курить', '<p>Бросить курить сразу и навсегда очень трудно. Дня через три &quot;полезешь&quot; на стену. Я к такому &quot;подвигу&quot; не был готов. Просто в конце дня на листочке в клеточку отмечал сколько я примерно выкурил за день. По вертикали - количество, по горизонтали - дату. Если график лез вверх, то я ругал себя, а если вниз - хвалил. Срок завязывания не ограничен, можно было посмотреть как ты курил когда-то. <span style=\"color:#c0392b\"><em><strong>Так и бросил</strong></em></span>, но все равно было не очень легко. Лет пять потом периодически накатывало: &quot;Эх покурить бы щас...&quot; &nbsp;Сдержался. Желаю Удачи Всем в&nbsp;борьбе с никотином.</p>\r\n', 0, 1, 0, 0, '2019-11-10 13:29:30', 3, '2019-11-10 13:07:29', 3, 0),
(44, 0, 'techfail', 'Оч умелый контроль дорожного покрытия', '<p>Как только уложат новый асфальт на дорогах или во дворах, то начинают рьяно &nbsp;контролировать его толщину (что в общем-то неплохо) сверля и вырезая в нем круглые и квадратные ямки. Спросил у дорожников: &quot; А почему сразу не заделывают эти следы контроля? Ведь из них могут получиться нормальные колдобины.&quot; Мне ответили, что контролирующие организации только контролируют, а заделывать следы не их забота. Странно. Почему бы не заделать эти ямки сразу, ведь потом будет видно, что здесь был дорконтроль, здесь прокуратура, а тут&nbsp;общественники, судя по цвету пескобетонной смеси, кажется,&nbsp;так она называется.</p>\r\n', 0, 1, 0, 0, '2019-11-15 20:46:18', 3, '2019-11-10 23:20:20', 3, 0),
(45, 0, 'solution', 'Как увлажнить воздух в помещении зимой', '<p>Зимой воздух в помещении обычно очень сухой. Это может нежелательно сказываться на здоровье, коже и тд. Чтобы увлажнить воздух, самый простой и надёжный способ, поместить мокрые( влажные) полотенца на батареи центрального отопления. По мере высыхания они будут отдавать всю влагу в воздух, и дышать будет намного легче. А если хотите ароматизировать помещение, то капнете несколько капель ароматического масла по вашему выбору на влажное полотенце. Всем отличного здоровья!! <img alt=\"smiley\" src=\"http://xn--h1agq.xn--c1avg/assets/ckeditor/plugins/smiley/images/regular_smile.png\" xss=removed title=\"smiley\"></p>\r\n', 0, 1, 0, 0, '2019-11-14 13:02:04', 7, '2019-11-14 13:02:04', 7, 0);

-- --------------------------------------------------------

--
-- Структура таблицы `blog_category`
--
-- Создание: Ноя 16 2019 г., 13:20
-- Последнее обновление: Ноя 16 2019 г., 13:20
--

DROP TABLE IF EXISTS `blog_category`;
CREATE TABLE `blog_category` (
  `blog_category_id` int(11) NOT NULL,
  `parent_id` int(11) NOT NULL DEFAULT '0',
  `alias` varchar(255) NOT NULL,
  `title` varchar(255) NOT NULL,
  `description` text NOT NULL,
  `count` int(11) NOT NULL DEFAULT '0',
  `count_tech` int(11) NOT NULL DEFAULT '0',
  `sort` tinyint(3) NOT NULL DEFAULT '0',
  `updated_at` datetime NOT NULL DEFAULT CURRENT_TIMESTAMP,
  `updated_id` int(11) NOT NULL DEFAULT '1',
  `created_at` datetime NOT NULL DEFAULT CURRENT_TIMESTAMP,
  `created_id` int(11) NOT NULL DEFAULT '1',
  `deleted` tinyint(1) NOT NULL DEFAULT '0'
) ENGINE=InnoDB DEFAULT CHARSET=utf8;

--
-- Дамп данных таблицы `blog_category`
--

INSERT INTO `blog_category` (`blog_category_id`, `parent_id`, `alias`, `title`, `description`, `count`, `count_tech`, `sort`, `updated_at`, `updated_id`, `created_at`, `created_id`, `deleted`) VALUES
(1, 0, 'science', 'Наука', '', 0, 0, 0, '2019-08-27 00:00:00', 1, '2019-08-27 00:00:00', 1, 0),
(2, 0, 'education', 'Образование', '', 1, 0, 0, '2019-08-27 00:00:00', 1, '2019-08-27 00:00:00', 1, 0),
(3, 0, 'medical', 'Здоровье', '', 2, 0, 0, '2019-11-15 20:33:02', 3, '2019-08-27 00:00:00', 1, 0),
(4, 0, 'transport', 'Транспорт', '', 0, 0, 0, '2019-08-27 15:59:58', 1, '2019-08-27 15:59:58', 1, 0),
(5, 0, 'building', 'Строительство', '', 1, 0, 0, '2019-08-27 16:00:15', 1, '2019-08-27 16:00:15', 1, 0),
(6, 0, 'utilities', 'Коммунальное хозяйство городов', '', 3, 1, 0, '2019-08-27 16:00:33', 1, '2019-08-27 16:00:33', 1, 0),
(7, 0, 'industrial', 'Промышленное производство', '', 1, 0, 0, '2019-08-27 16:00:52', 1, '2019-08-27 16:00:52', 1, 0),
(8, 0, 'agriculture', 'Сельское хозяйство', '', 0, 0, 0, '2019-08-27 16:01:14', 1, '2019-08-27 16:01:14', 1, 0),
(9, 0, 'household', 'Домашнее хозяйство', '', 0, 0, 0, '2019-08-27 16:01:32', 1, '2019-08-27 16:01:32', 1, 0),
(10, 0, 'repairs', 'Ремонт', '', 0, 0, 0, '2019-08-30 10:58:03', 1, '2019-08-30 10:58:03', 1, 1),
(11, 0, 'advice', 'Дайте совет, пожалуйста', '', 2, 0, 0, '2019-08-30 10:58:19', 1, '2019-08-30 10:58:19', 1, 0),
(12, 0, 'relaxation', 'Отдых', '', 0, 0, 0, '2019-08-30 10:58:44', 1, '2019-08-30 10:58:44', 1, 0),
(13, 0, 'sport', 'Спорт', '', 0, 0, 0, '2019-08-30 10:58:52', 1, '2019-08-30 10:58:52', 1, 0),
(14, 0, 'business', 'Бизнес', '', 1, 0, 0, '2019-08-30 10:59:12', 1, '2019-08-30 10:59:12', 1, 0),
(15, 0, 'culture', 'Культура', '', 0, 0, 0, '2019-08-30 10:59:29', 1, '2019-08-30 10:59:29', 1, 0),
(16, 0, 'useful', 'Не знаю как назвать, но хорошая штука — пригодится', '', 10, 0, 0, '2019-08-30 10:59:54', 1, '2019-08-30 10:59:54', 1, 0),
(17, 8, 'plantgrowing', 'Растениеводство', '', 0, 0, 0, '2019-08-30 11:00:57', 1, '2019-08-30 11:00:57', 1, 0),
(18, 8, 'Livestock', 'Животноводство', '', 0, 0, 0, '2019-08-30 11:01:20', 1, '2019-08-30 11:01:20', 1, 0),
(19, 9, 'kitchen', 'Кухня', '', 0, 0, 0, '2019-08-30 11:01:52', 1, '2019-08-30 11:01:52', 1, 0),
(20, 19, 'cookery', 'Кулинария', '', 0, 0, 0, '2019-08-30 11:02:19', 1, '2019-08-30 11:02:19', 1, 0),
(21, 19, 'billet', 'Заготовка', '', 3, 0, 0, '2019-08-30 11:02:51', 1, '2019-08-30 11:02:51', 1, 0),
(22, 9, 'subsidiaryfarm', 'Подсобное хозяйство', '', 0, 0, 0, '2019-08-30 11:03:30', 1, '2019-08-30 11:03:30', 1, 0),
(23, 22, 'yard', 'Сад', '', 3, 0, 0, '2019-08-30 11:04:07', 1, '2019-08-30 11:04:07', 1, 0),
(24, 22, 'garden', 'Огород', '', 0, 0, 0, '2019-08-30 11:04:57', 1, '2019-08-30 11:04:57', 1, 0),
(25, 9, 'homebuilding', 'Строительство', '', 0, 0, 0, '2019-08-30 11:05:48', 1, '2019-08-30 11:05:48', 1, 0),
(26, 25, 'house', 'Дом', '', 3, 0, 0, '2019-08-30 11:06:49', 1, '2019-08-30 11:06:49', 1, 0),
(27, 25, 'bathhouse', 'Баня', '', 2, 0, 0, '2019-08-30 11:07:22', 1, '2019-08-30 11:07:22', 1, 0),
(28, 25, 'garage', 'Гараж', '', 0, 0, 0, '2019-08-30 11:07:38', 1, '2019-08-30 11:07:38', 1, 0),
(29, 25, 'cellar', 'Погреб', '', 0, 0, 0, '2019-08-30 11:07:56', 1, '2019-08-30 11:07:56', 1, 0),
(30, 10, 'auto-moto', 'Авто-Мото', '', 0, 0, 0, '2019-08-30 11:09:09', 1, '2019-08-30 11:09:09', 1, 0),
(31, 30, 'engine', 'Двигатель', '', 0, 0, 0, '2019-08-30 11:09:24', 1, '2019-08-30 11:09:24', 1, 0),
(32, 30, 'chassis', 'Ходовая часть', '', 2, 0, 0, '2019-08-30 11:09:39', 1, '2019-08-30 11:09:39', 1, 0),
(33, 30, 'electric', 'Электрика', '', 0, 0, 0, '2019-08-30 11:10:10', 1, '2019-08-30 11:10:10', 1, 0),
(34, 30, 'body', 'Кузов', '', 0, 0, 0, '2019-08-30 11:10:31', 1, '2019-08-30 11:10:31', 1, 0),
(35, 10, 'boats', 'Катера Яхты', '', 0, 0, 0, '2019-08-30 11:12:35', 1, '2019-08-30 11:12:35', 1, 0),
(36, 35, 'boatengine', 'Двигатель', '', 1, 0, 0, '2019-08-30 11:13:20', 1, '2019-08-30 11:13:20', 1, 0),
(37, 35, 'boatelectric', 'Электрика', '', 0, 0, 0, '2019-08-30 11:13:34', 1, '2019-08-30 11:13:34', 1, 0),
(38, 35, 'boatbody', 'Корпус', '', 0, 0, 0, '2019-08-30 11:13:51', 1, '2019-08-30 11:13:51', 1, 0),
(39, 10, 'computers', 'Компьютерная техника', '', 0, 0, 0, '2019-08-30 11:14:34', 1, '2019-08-30 11:14:34', 1, 0),
(40, 39, 'iron', 'Железо', '', 0, 0, 0, '2019-08-30 11:14:50', 1, '2019-08-30 11:14:50', 1, 0),
(41, 39, 'programs', 'ПО', '', 0, 0, 0, '2019-08-30 11:15:12', 1, '2019-08-30 11:15:12', 1, 0),
(42, 39, 'periphery', 'Периферия', '', 0, 0, 0, '2019-08-30 11:15:34', 1, '2019-08-30 11:15:34', 1, 0),
(43, 42, 'printer', 'Принтеры', '', 0, 0, 0, '2019-08-30 11:15:50', 1, '2019-08-30 11:15:50', 1, 0),
(44, 42, 'copir', 'Копиры', '', 0, 0, 0, '2019-08-30 11:16:06', 1, '2019-08-30 11:16:06', 1, 0),
(45, 42, 'scaner', 'Сканеры', '', 0, 0, 0, '2019-08-30 11:16:27', 1, '2019-08-30 11:16:27', 1, 0),
(46, 0, 'candoit', 'Могу сделать Это Хорошо и Надежно', '<p>Данная тема даст возможность умелым и надежным специалистам заявить о себе и своих навыках. Кому-то это очень надо наверняка. Свои навыки и надежность придется подтверждать документально, фото и видео.</p>\r\n', 0, 0, 0, '2019-11-02 11:29:00', 5, '2019-10-10 12:26:25', 3, 0),
(47, 1, 'geofizika', 'Геофизика', '', 0, 0, 0, '2019-11-11 18:58:56', 3, '2019-11-11 18:58:56', 3, 0),
(48, 1, 'geofizika', 'Геофизика', '', 0, 0, 0, '2019-11-11 18:59:29', 3, '2019-11-11 18:59:29', 3, 1),
(49, 0, 'Narodnie_Remesla', 'Народные Ремесла', '<p>Эта  категория  поможет сохранить опыт народных умельцев, передать его молодежи и не только</p>\r\n', 0, 0, 0, '2019-11-14 21:07:56', 3, '2019-11-12 13:14:42', 3, 0),
(50, 3, 'Narodnie_sredstva', 'Народная медицина', '<p>Средства народной медицины, которые уже проверены опытом и помогают.</p>\r\n', 0, 0, 0, '2019-11-14 21:15:55', 3, '2019-11-04 11:27:43', 7, 0),
(51, 43, 'Test_podtema_2_Remont,_vosstanovlenie_kartridzha', 'Тест подтема 2 Ремонт, восстановление картриджа', 'Ремонт дешевле, чем новый покупать', 0, 0, 0, '2019-11-14 21:17:59', 3, '2019-10-14 14:59:10', 3, 0),
(52, 3, 'Медицина', 'Медицина', '', 0, 0, 0, '2019-11-15 20:37:30', 3, '2019-11-15 20:37:30', 3, 0);

-- --------------------------------------------------------

--
-- Структура таблицы `blog_category_voting`
--
-- Создание: Ноя 16 2019 г., 13:20
-- Последнее обновление: Ноя 16 2019 г., 13:20
--

DROP TABLE IF EXISTS `blog_category_voting`;
CREATE TABLE `blog_category_voting` (
  `voting_id` int(11) NOT NULL,
  `parent_id` int(11) NOT NULL DEFAULT '0',
  `title` varchar(255) NOT NULL,
  `description` text NOT NULL,
  `votes` int(11) NOT NULL,
  `max_votes` int(11) NOT NULL DEFAULT '10',
  `created_id` int(11) NOT NULL,
  `created_at` datetime NOT NULL,
  `updated_id` int(11) NOT NULL,
  `updated_at` datetime NOT NULL,
  `deleted` tinyint(4) NOT NULL DEFAULT '0'
) ENGINE=InnoDB DEFAULT CHARSET=utf8;

--
-- Дамп данных таблицы `blog_category_voting`
--

INSERT INTO `blog_category_voting` (`voting_id`, `parent_id`, `title`, `description`, `votes`, `max_votes`, `created_id`, `created_at`, `updated_id`, `updated_at`, `deleted`) VALUES
(3, 0, 'Могу Это сделать. Хорошо и Надёжно. ', '<p>Отработано, проверено. Работает.</p>\r\n', 10, 10, 3, '2019-10-10 12:26:25', 3, '2019-10-10 12:26:25', 0),
(4, 0, 'Могу сделать Это Хорошо и Надежно.', 'Данная тема даст возможность умелым и надежным специалистам заявить о себе и своих навыках. Кому-то это очень надо наверняка.\r\nСвои навыки и надежность придется подтверждать документально, фото и видео.', 3, 10, 3, '2019-10-14 14:15:20', 3, '2019-10-14 14:15:20', 1),
(5, 14, 'Птицеводство', '<p>Поможет содержать домашнюю птицу</p>\r\n', 4, 10, 3, '2019-10-14 14:30:07', 3, '2019-10-14 14:30:07', 1),
(7, 0, 'Не Приколы из сетей.', '<p>Здесь было бы хорошо размешать реально полезные вещи из соц. сетей, а не фото милых котиков и пр.</p>\r\n', 10, 10, 3, '2019-11-03 20:38:04', 3, '2019-11-03 20:38:04', 0),
(10, 0, 'Ремесла', '<p>Советы для всех заинтересованных в различных видах народных ремёсел. От кузнечного ремесла до вышивки и прочих видов. </p>\r\n', 2, 10, 7, '2019-11-04 11:34:47', 7, '2019-11-04 11:34:47', 1),
(11, 0, 'Интернет', '<p>Здесь можно поделиться с умными и умелыми информацией о сайтах, которые  действительно  помогают решать реальные задачи и если тебе понравился этот интернет портал - он серьезный. </p>\r\n', 9, 10, 3, '2019-11-05 09:35:27', 3, '2019-11-05 09:35:27', 0),
(13, 14, 'Ремонт блоков батарей', '<p>Ремонт блоков батарей аккумуляторных инструментов</p>\r\n', 4, 10, 11, '2019-11-14 19:14:10', 11, '2019-11-14 19:14:10', 0);

-- --------------------------------------------------------

--
-- Структура таблицы `blog_category_voting_users`
--
-- Создание: Ноя 16 2019 г., 13:20
-- Последнее обновление: Ноя 16 2019 г., 13:20
--

DROP TABLE IF EXISTS `blog_category_voting_users`;
CREATE TABLE `blog_category_voting_users` (
  `vote_id` int(11) NOT NULL,
  `user_id` int(11) NOT NULL,
  `category_id` int(11) NOT NULL
) ENGINE=InnoDB DEFAULT CHARSET=utf8;

--
-- Дамп данных таблицы `blog_category_voting_users`
--

INSERT INTO `blog_category_voting_users` (`vote_id`, `user_id`, `category_id`) VALUES
(4, 3, 4),
(5, 3, 5),
(6, 5, 4),
(7, 3, 6),
(8, 7, 5),
(9, 3, 7),
(10, 7, 6),
(11, 7, 9),
(12, 7, 7),
(13, 7, 10),
(14, 3, 9),
(15, 3, 10),
(16, 3, 11),
(17, 5, 5),
(18, 7, 11),
(19, 3, 12),
(20, 10, 11),
(21, 10, 12),
(22, 10, 6),
(23, 11, 6),
(24, 11, 12),
(25, 12, 6),
(26, 12, 11),
(27, 12, 12),
(28, 13, 6),
(29, 13, 11),
(30, 13, 12),
(31, 15, 6),
(32, 15, 11),
(33, 15, 12),
(34, 15, 13),
(35, 16, 12),
(36, 16, 6),
(37, 16, 11),
(38, 16, 13),
(39, 17, 6),
(40, 17, 12),
(41, 17, 13),
(42, 18, 11),
(43, 18, 12),
(44, 18, 13),
(45, 19, 12),
(46, 19, 11);

-- --------------------------------------------------------

--
-- Структура таблицы `blog_comments`
--
-- Создание: Ноя 16 2019 г., 13:20
-- Последнее обновление: Ноя 16 2019 г., 13:20
--

DROP TABLE IF EXISTS `blog_comments`;
CREATE TABLE `blog_comments` (
  `blog_comment_id` int(11) NOT NULL,
  `blog_id` int(11) NOT NULL,
  `text` text NOT NULL,
  `moderated` tinyint(1) NOT NULL DEFAULT '0',
  `created_id` int(11) NOT NULL,
  `created_at` datetime NOT NULL,
  `updated_id` int(11) NOT NULL,
  `updated_at` datetime NOT NULL,
  `deleted` tinyint(1) NOT NULL DEFAULT '0'
) ENGINE=InnoDB DEFAULT CHARSET=utf8;

--
-- Дамп данных таблицы `blog_comments`
--

INSERT INTO `blog_comments` (`blog_comment_id`, `blog_id`, `text`, `moderated`, `created_id`, `created_at`, `updated_id`, `updated_at`, `deleted`) VALUES
(4, 8, '<p>Вроде интересно. Надо подумать. Только вопрос: Кто даст денег на трубы? Это же надо думать о будущем, а сажать деревья надо щас.</p>\r\n', 1, 5, '2019-10-08 23:56:36', 5, '2019-10-11 23:56:36', 0),
(5, 33, '<p>Этот способ был описан в повести \"Милый Эп\" в журнале \"Юность\" ещё в 70-х годах прошлого тысячелетия, а до сих пор работает!</p>\r\n', 1, 3, '2019-11-03 20:30:54', 3, '2019-11-03 20:30:54', 0),
(18, 16, '<p>Договориться..........<img alt=\"smiley\" src=\"http://www.xn--h1agq.xn--c1avg/assets/ckeditor/plugins/smiley/images/regular_smile.png\" xss=removed title=\"smiley\"></p>', 0, 16, '2019-11-14 19:46:40', 16, '2019-11-14 19:46:40', 1),
(19, 18, '<p>красиво</p>', 0, 16, '2019-11-14 19:49:52', 16, '2019-11-14 19:49:52', 0),
(20, 24, '<p>Что случилось с кораблем все знают.....</p>\r\n\r\n<p>А журнал уже никто не найдет! </p>', 0, 16, '2019-11-14 19:52:15', 16, '2019-11-14 19:52:15', 1),
(21, 44, '<p>Нет это способ украсть, еще хоть чуть чуть!</p>', 0, 16, '2019-11-14 19:53:48', 16, '2019-11-14 19:53:48', 1),
(22, 33, '<p>Поехать в эту страну и пожить в ней. </p>', 0, 16, '2019-11-14 19:57:03', 16, '2019-11-14 19:57:03', 1),
(23, 24, '<p>35 лет в строю, без аварий!</p>', 0, 19, '2019-11-14 21:32:50', 19, '2019-11-14 21:32:50', 1),
(24, 24, '<p>35 лет без аварий!</p>', 0, 3, '2019-11-14 21:36:07', 3, '2019-11-14 21:36:07', 1),
(25, 24, '<p>Тест ответ</p>', 0, 3, '2019-11-15 17:51:50', 3, '2019-11-15 17:51:50', 1);

-- --------------------------------------------------------

--
-- Структура таблицы `blog_to_category`
--
-- Создание: Ноя 16 2019 г., 13:20
-- Последнее обновление: Ноя 16 2019 г., 13:20
--

DROP TABLE IF EXISTS `blog_to_category`;
CREATE TABLE `blog_to_category` (
  `id` int(11) NOT NULL,
  `blog_id` int(11) NOT NULL,
  `category_id` int(11) NOT NULL
) ENGINE=InnoDB DEFAULT CHARSET=utf8;

--
-- Дамп данных таблицы `blog_to_category`
--

INSERT INTO `blog_to_category` (`id`, `blog_id`, `category_id`) VALUES
(32, 43, 16),
(33, 43, 3),
(48, 29, 16),
(50, 31, 16),
(52, 27, 21),
(53, 8, 6),
(54, 14, 21),
(55, 14, 23),
(56, 15, 21),
(57, 15, 23),
(58, 16, 11),
(59, 17, 27),
(60, 17, 26),
(62, 19, 6),
(63, 21, 16),
(64, 21, 26),
(65, 22, 16),
(66, 22, 32),
(67, 23, 11),
(68, 23, 23),
(72, 26, 36),
(73, 33, 2),
(74, 33, 16),
(75, 28, 16),
(76, 28, 3),
(77, 30, 16),
(78, 30, 32),
(79, 34, 16),
(80, 34, 26),
(83, 24, 14),
(84, 24, 6),
(85, 24, 5),
(86, 25, 16),
(87, 25, 7),
(90, 18, 27),
(91, 45, 16),
(92, 44, 6);

-- --------------------------------------------------------

--
-- Структура таблицы `feedback`
--
-- Создание: Ноя 16 2019 г., 13:20
-- Последнее обновление: Ноя 16 2019 г., 13:20
--

DROP TABLE IF EXISTS `feedback`;
CREATE TABLE `feedback` (
  `feedback_id` int(11) NOT NULL,
  `name` varchar(255) NOT NULL,
  `email` varchar(255) NOT NULL,
  `moderated` tinyint(1) NOT NULL DEFAULT '0',
  `body` text NOT NULL,
  `created_at` datetime NOT NULL,
  `deleted` tinyint(1) NOT NULL DEFAULT '0'
) ENGINE=InnoDB DEFAULT CHARSET=utf8;

--
-- Дамп данных таблицы `feedback`
--

INSERT INTO `feedback` (`feedback_id`, `name`, `email`, `moderated`, `body`, `created_at`, `deleted`) VALUES
(1, 'test', 'test@admin.com', 0, 'test', '2019-11-15 07:29:06', 0),
(2, 'test2', 'test2@test.com', 0, 'test2', '2019-11-15 07:33:05', 0);

-- --------------------------------------------------------

--
-- Структура таблицы `groups`
--
-- Создание: Ноя 16 2019 г., 13:20
-- Последнее обновление: Ноя 16 2019 г., 13:20
--

DROP TABLE IF EXISTS `groups`;
CREATE TABLE `groups` (
  `id` mediumint(8) UNSIGNED NOT NULL,
  `name` varchar(20) NOT NULL,
  `description` varchar(100) NOT NULL
) ENGINE=InnoDB DEFAULT CHARSET=utf8;

--
-- Дамп данных таблицы `groups`
--

INSERT INTO `groups` (`id`, `name`, `description`) VALUES
(1, 'admin', 'Administrator'),
(2, 'members', 'General User');

-- --------------------------------------------------------

--
-- Структура таблицы `login_attempts`
--
-- Создание: Ноя 16 2019 г., 13:20
--

DROP TABLE IF EXISTS `login_attempts`;
CREATE TABLE `login_attempts` (
  `id` int(11) NOT NULL,
  `ip_address` varchar(45) NOT NULL,
  `login` varchar(100) NOT NULL,
  `time` int(11) UNSIGNED DEFAULT NULL
) ENGINE=InnoDB DEFAULT CHARSET=utf8;

-- --------------------------------------------------------

--
-- Структура таблицы `pages`
--
-- Создание: Ноя 16 2019 г., 13:20
-- Последнее обновление: Ноя 16 2019 г., 13:20
--

DROP TABLE IF EXISTS `pages`;
CREATE TABLE `pages` (
  `page_id` int(11) NOT NULL,
  `link` varchar(255) NOT NULL,
  `title` varchar(255) NOT NULL,
  `description` text NOT NULL,
  `keywords` text NOT NULL,
  `text_title` text NOT NULL,
  `body` text NOT NULL,
  `sort` int(11) NOT NULL DEFAULT '999',
  `created_at` datetime NOT NULL,
  `created_id` int(11) NOT NULL,
  `updated_at` datetime NOT NULL,
  `updated_id` int(11) NOT NULL,
  `deleted` tinyint(4) NOT NULL DEFAULT '0'
) ENGINE=InnoDB DEFAULT CHARSET=utf8;

--
-- Дамп данных таблицы `pages`
--

INSERT INTO `pages` (`page_id`, `link`, `title`, `description`, `keywords`, `text_title`, `body`, `sort`, `created_at`, `created_id`, `updated_at`, `updated_id`, `deleted`) VALUES
(1, 'history', 'История проекта', 'История проекта', 'История проекта', 'История проекта', '<p>Автор с давних, ещё курсантских времен, очень полюбил в журнале «Наука и Жизнь»  страничку — Маленькие хитрости. Даже начал переписывать  их в тетрадочку (копиров тогда ещё не было). 48 листов не хватило, тогда завел вторую, 96 листов. Назвал их «Разное» 1 и 2.</p>\r\n<p>Оказалось, что есть очень «захватывающе» интересные книги, типа «Азбука домашнего мастера» Й. Сюч.</p>\r\n<p>Была телепередача - «Это Вы можете», жаль, что сейчас её сменили на «Дом-2».</p>\r\n<p>Стал примечать, что делалось очень красиво и рационально, а что-то...</p>\r\n<p>Россия дала миру столько изобретателей, а практическое воплощение в жизнь их разработок,   произошло не у нас, надо отдать им должное. Давайте становиться просто более практичными, деловыми, рациональными, перенимать у других полезное, и тогда придет сила, которая ух как нужна.</p>\r\n<p>Конечно, это все глобальное. Но надо же с чего-то начинать. Поэтому предлагаю начать с маленьких хитростей, которые, может быть, и не будут изобретениями, но в реальности выручат Вас.</p>\r\n<p>Каждый специалист, на основе своей практики, знает как можно сделать лучше. Но оформлять, бегать, доказывать  кому-либо... Так поделитесь своими задумками — СПАСИБО Вам обеспечено. Дальше — больше...</p>\r\n<p>Планируем оказывать помощь в оформлении авторских прав.</p>\r\n<p>Сейчас есть интернет, так давайте получим от него максимальную пользу.</p>\r\n', 1, '2019-06-02 00:00:00', 1, '2019-06-02 00:00:00', 1, 0),
(2, 'howtojoin', 'Как стать участником', 'Как стать участником', 'Как стать участником', 'Как стать участником', '<p>Чтобы стать участником проекта СИЛ, надо заполнить <a href=\"/register\">анкету 1</a> (зарегистрироваться). После этого пользователь получает возможность\r\nстать участником форума по всем интересующим его темам,\r\nорганизовать обсуждение новой темы.</p>\r\n\r\n<p>В случае, если участник захочет более тесного сотрудничества с нашей организацией (оформить патент на изобретение и т.п.),\r\nнеобходимо заполнить <a href=\"/anketa2\">анкету 2</a>.</p>\r\n', 2, '2019-06-02 00:00:00', 1, '2019-06-02 00:00:00', 1, 0),
(3, 'rules', 'Правила сайта', 'Правила сайта', 'Правила сайта', 'Правила ресурса СИЛ.ОРГ', '<p>Добро пожаловать на наш ресурс!</p>\r\n<p>Мы рады, что вы выбрали именно наш ресурс для обмена идеями, поиска ответов на волнующие вас вопросы и просто для общения.</p>\r\n<br />\r\n\r\n<p>1. Общие положения и рекомендации</p>\r\n<p>1.1. СИЛ.ОРГ — частный ресурс. Находясь здесь, вы обязуетесь руководствоваться данными Правилами.</p>\r\n<p>1.2. Ресурс СИЛ.ОРГ посвящён изобретениям, всевозможным решениям.</p>\r\n<p>1.3. Ресурс является постмодерируемым, т. е. добавление сообщений происходит сразу, а их модерация позже.</p>\r\n<p>1.4. За порядком на ресурсе следят Помощники Модераторов, Модераторы, и Администраторы. </p>\r\n<p>1.5. Все сообщения отражают мнения их авторов. Мнение администрации может не совпадать с мнением автора. Информацию об отказе от ответственности можно прочесть здесь. Если вы считаете, что какие-либо сообщения противоречат законодательству РФ, содержат коммерческую тайну или способны нанести ущерб физическим или юридическим лицам, вы можете сообщить об этом Модераторам или Администрации ресурса посредством отправки сообщения со страницы обратной связи.</p>\r\n<p>1.6. Придерживайтесь уже сложившейся культуры общения на ресурсе СИЛ.ОРГ. Мы сами создаём среду обитания. Будем вежливы и доброжелательны друг к другу! Если вы видите нарушения Правил, или вас провоцируют на это другие участники, не идите на поводу у нарушителей. Напишите письмо Администрации ресурса с указанием нарушения. Остальное — забота Администрации ресурса.</p>\r\n<p>1.7. Если вы ошиблись — например, продублировали сообщение, отправили случайно ответ не туда или пустое сообщение — обязательно сообщите об этом Модераторам через форму обратной связи, укажите проблему — модератор поможет. Не стоит писать новые сообщения, комментировать свои ошибки, и извиняться за такой флуд.</p>\r\n<br />\r\n\r\n<p>2. Имя пользователя («ник», «никнэйм», «логин», «аккаунт») и данные профиля</p>\r\n<p>2.1. Ник.</p>\r\n<p>2.1.1. Ник — ваша индивидуальность. Возможно, если вы станете завсегдатаем форумов, он будет вашей визиткой, говорящей о вас и вашем уровне. Если не хотите потом воевать за то, что вы зовётесь именно так, и не быть одним из многих, выбирайте оригинальный ник (в рамках Правил и здравого смысла). Разумеется, вы можете подписываться и реальным именем — это ваше личное дело.</p> \r\n<p>2.1.2. Запрещена регистрация труднопроизносимых ников (как то Klmn454824IOIoo).</p>\r\n<p>2.1.3. Запрещается регистрация и/или использование двух и более ников одним пользователем по любым причинам. В случае выявления подобных ников они будут блокироваться без предупреждения. Нарушение этого правила карается баном второго ника и наказанием первого.</p>\r\n<p>2.1.4. Запрещается регистрация двойника уже существующего ника, т. е. ника, который является полным или частичным визуальным дублем уже существующего (в том числе полученных путём замены русских букв латинскими со схожим написанием и наоборот). В случае выявления такого ника он может быть заблокирован по просьбе владельца оригинального имени.</p>\r\n<p>2.1.5. Запрещается регистрация ников, содержащих в себе:</p>\r\n<p>— грубые, оскорбительные и нецензурные выражения, а также призывы к насилию и нарушению законодательства (на любом языке и в любом виде);</p>\r\n<p>— адреса web-сайтов, любые контактные данные: телефонные номера, e-mail, ICQ и т. д., а также сочетания символов, которые могут быть расценены как такие данные;</p>\r\n<p>— явную или скрытую рекламу.</p>\r\n<br />\r\n<!--\r\n<p>2.2. Аватар.</p>\r\n<p>2.2.1. Если вы поставите такой же аватар, как у другого участника, то по его просьбе ваш аватар может быть удалён из вашего профиля. Поэтому старайтесь использовать оригинальные изображения.</p>\r\n<p>2.2.2. Запрещается размещение аватаров, содержащих в себе:</p>\r\n<p>— грубые, оскорбительные и нецензурные выражения и изображения, а также призывы к насилию и нарушению законодательства (на любом языке и в любом виде);</p>\r\n<p>— адреса web-сайтов, любые контактные данные: телефонные номера, e-mail, ICQ и т. д., а также сочетания символов, которые могут быть расценены как такие данные;</p>\r\n<p>— явную или скрытую рекламу;</p>\r\n<p>— любые QR-коды.</p>\r\n<br />\r\n-->\r\n\r\n<p>2.3. Профиль.\r\n<p>2.3.1. По возможности заполните максимальное количество полей в своём профиле. Это поможет в дальнейшем связаться с вами и получить о вас дополнительную информацию, которая может оказаться полезной.</p>\r\n<p>2.3.2. Запрещается размещать в профиле информацию, содержащую грубые, оскорбительные и нецензурные выражения и изображения, а также призывы к насилию и нарушению законодательства (на любом языке и в любом виде).</p>\r\n<br />\r\n\r\n<p>3. Язык ресурса</p>\r\n<p>3.1. Официальный язык ресурса — русский.</p>\r\n<p>3.2. Все сообщения должны быть написаны на русском языке. Допускается использование транслита только в исключительных случаях. Для перевода текста в нормальный вид настоятельно рекомендуем пользоваться сервисом http://translit.net/ или подобными.</p>\r\n<p>3.3. Надуманные ошибки и преднамеренное злостное несоблюдение правил русского языка (в том числе злоупотребление т. н. «падонковским языком») запрещены.</p>\r\n<br />\r\n\r\n<p>4. Общие правила создания тем и сообщений</p>\r\n<p>4.1. Перед созданием новой темы или сообщения следует внимательно ознакомиться с правилами.</p>\r\n<p>4.2. Название темы должно быть максимально информативным, таким, чтобы уже из него другим пользователям была приблизительно понятна специфика Вашей записи. В теле записи давайте развёрнутое описание.</p>\r\n<p>4.3. Не торопитесь создавать тему. Весьма вероятно, что ваш вопрос обсуждался ранее, либо существует тема обсуждения вашего вопроса. Воспользуйтесь поиском. При этом последовательно совершите поиск по нескольким подходящим ключевым словам.</p> \r\n<p>4.4. Если вы нашли тему, которая соответствует вашей проблематике, не следует сразу же писать в ней сообщение. Возможно, ваша проблема уже обсуждалась, и решение найдено. </p>\r\n<p>4.5. Создание дублей сообщений и тем запрещено. Если вы по ошибке создали тему или сообщение не в том разделе, где планировали (или осознали ошибочность выбора), не создавайте аналогичные темы или сообщения в другом разделе. Обратитесь к модератору через форму обратной связи — он перенесёт вашу тему или сообщение в правильный раздел.</p>\r\n<p>4.6. Если вы увидели, что кто-то нарушает правила на ресурсе (создан дубликат существующей темы, агрессия либо флуд в сообщениях, неверное расположение темы и пр.), не стоит создавать новые сообщения об этом — просто сообщите через форму обратной связи, и Модераторы примут меры.</p>\r\n<p>4.7.1. При ответе в существующую тему постарайтесь формулировать вопрос или ответ так, чтобы он был понятен остальным участникам форума. Избегайте флуда, философствований, лирических отступлений.</p>\r\n<p>4.7.2. Сообщения, в которых присутствуют грамматические и/или синтаксические ошибки, могут вызвать негативную реакцию участников форума. Старайтесь писать грамотно.</p>\r\n<p>4.8. Запрещается явная и скрытая грубость, хамство, оскорбления.</p>\r\n<p>4.9. Запрещается использование нецензурной лексики, как явной, так и скрытой, в том числе и за спецсимволами.</p>\r\n<p>4.10. Запрещается провоцирование конфликта, равно как и ответ на провокацию. Если вы считаете, что вас оскорбили (либо иным образом нарушили ваши права или Правила ресурса), сообщите об этом факте Модератору, через форму обратной связи. Он примет необходимые меры к нарушителю.</p>\r\n<p>4.11. В названии темы и сообщениях запрещены:</p>\r\n<p>4.11.1. Замена русских букв похожими из других языков, и наоборот;</p>\r\n<p>4.11.2. Написание тем и сообщений ЗАГЛАВНЫМИ БУКВАМИ;</p>\r\n<p>4.11.3. Написание сообщений прописными и строчными буквами вперемешку («вОТ тАкИм оБрАзОм») или буквами разных алфавитов («slеdующiм оbраzом»);</p>\r\n<p>4.11.4. Запрещено использование сленга и сокращений в названии темы. В дальнейшем это облегчит поиск по названию темы.</p>\r\n<p>4.12. Запрещено создание тем или сообщений, не предполагающих обсуждения, или предполагающих личную переписку с конкретным участником форума, в том числе публикация объявлений рекламного и иного характера. </p>\r\n<p>4.13. Запрещены неинформативные названия тем, например: «Памагите!», «У меня проблема!», «Крик души!» и тому подобные. Также запрещено в теме сообщения писать личные пожелания, например: «Как вытащить рыболовный крючок из руки? Срочно!!!». Если участники форума знают ответ на ваш вопрос, они ответят независимо от того, «срочно» вам это надо или нет.</p>\r\n<p>4.14. Запрещены названия тем и сообщения, перегруженные знаками препинания (более трёх подряд), например: «Как настроить Wi-Fi????????».</p> \r\n<p>4.15. Запрещён ответ без текста (смайлом, включая текстовые смайлы). А также ответы, состоящие только из смайлов, либо перегруженные ими (более трёх смайлов в одном сообщении), во всех разделах.</p>\r\n<p>4.16. Запрещено обсуждение не связанных между собой вопросов в одной теме.</p>\r\n<p>4.17. Запрещено отклонение от темы. Например, в теме, посвящённой строительству, запрещено обсуждение кулинарных рецептов.</p>\r\n<p>4.18. Категорически запрещается обсуждать действия представителей Администрации. Если вы не согласны с действиями представителей Администрации, обратитесь через форму обратной связи и мы отдельно разберем Ваш вопрос и действия Администрации. В случае признания жалобы обоснованной, к представителю Администрации будут применены меры дисциплинарного воздействия. Если вы не получили ответ на жалобу в течение двух или более дней, напишите сообщение еще раз.</p>\r\n<p>4.19. Любые материалы эротического и порнографического содержания могут быть удалены с ресурса без предупреждения, на усмотрение и в соответствии с моральными устоями Модераторов.</p>\r\n<p>4.20. Публикация частных объявлений с целью покупки, продажи или обмена запрещена. </p>\r\n<p>4.21. При размещении ссылок использование специальных сервисов для их сокращения запрещено.</p>\r\n<p>4.22. Публикация реферальных материалов (ссылок, купонов и кодовых слов) в любом виде запрещена, и приравнивается к коммерческой деятельности.</p>\r\n<br />\r\n\r\n<p>5. Статусы и группы пользователей</p>\r\n<p>5.1. Группы пользователей.</p>\r\n<p>5.1.1. Пользователи:</p>\r\n<p>5.1.2. Активные пользователи. Все Пользователи по достижении 15 полезных сообщений на форуме автоматически перемещаются в эту группу.</p>\r\n<p>5.1.3. Почётные форумчане. Это люди, которые обладают особыми заслугами.</p>\r\n<p>5.1.4. Участник спецпроекта. Участники наших спецпроектов, как внутренних, так и внешних.</p>\r\n<p>5.1.5. Бизнесмены. Это представители компаний или частные лица, официально размещающие информацию в разделе коммерческих услуг.</p>\r\n<p>5.2. Представители Администрации ресурса:</p>\r\n<p>5.2.1. Помощники модератора.</p>\r\n<p>5.2.2. Модераторы.</p>\r\n<p>5.2.3. Администраторы.</p>\r\n<br />\r\n\r\n<p>6. Система наказаний</p>\r\n<p>6.1. Наказания назначаются Модератором за несоблюдение Правил ресурса.</p>\r\n<p>6.2. Виды наказаний:</p>\r\n<p>6.2.1. Предупреждение — минимальный вид наказания. Выносится за несоблюдение Правил ресурса.</p>\r\n<p>6.2.2. «Read Only» или «РО». Статус «Read Only» выносится за злостное и/или неоднократное несоблюдение Правил ресурса и применяется наряду с Предупреждениями за нарушение Правил ресурса. Статус «Read Only» может быть присвоен участнику на различные сроки в зависимости от решения Модератора. Этот статус означает, что участник форума не может оставлять сообщения на форуме.</p>\r\n<p>6.2.3. Премодерация — применяется наряду с Предупреждениями и/или статусом «Read Only». Премодерация может быть установлена участнику на различные сроки в зависимости от решения Модератора. Этот статус означает, что сообщения пользователя появятся на ресурсе только, после проверки и одобрения модератором.</p>\r\n<p>6.2.4. Бан — высшая мера наказания участников ресурса. Он выносится в исключительных случаях за неоднократное или намеренно грубое нарушение Правил ресурса.</p>\r\n<p>6.2.5. Уровень предупреждений состоит из 5 шагов, по 20% каждый. При достижении уровня предупреждений 100%, аккаунт автоматически блокируется.</p>\r\n<p>6.3. Снижение уровня предупреждений.</p>\r\n<p>6.3.1. Уровень предупреждений понижается автоматически на 20% через 90 суток с момента последнего изменения уровня предупреждений, при условии неукоснительного соблюдения Правил ресурса.</p>\r\n<p>6.3.2. В случае повторного нарушения в момент действия предыдущего, счётчик автоматического снижения сбрасывается на 90 дней.</p>\r\n<p>6.3.3. Досрочное понижение уровня предупреждений и снятие статусов «Read Only», и «Премодерация» невозможно.</p>\r\n<p>6.3.4. Блокировка учётной записи пользователя (бан) выносится однократно по решению Модератора и является окончательной.</p>\r\n<p>6.4. При возникновении ситуации, не подпадающей ни под один из пунктов правил, Представитель Администрации вправе действовать по своему усмотрению.</p>\r\n<p>6.5. Если вы не согласны с назначенным наказанием, вы можете обжаловать его, обратившись через форму обратной связи.</p>\r\n<p>6.6. Решение, принятое Администратором ресурса окончательное и обжалованию не подлежит.</p>\r\n<br />\r\n\r\n<p>7. Работа с файлами</p>\r\n<p>7.1 Загрузка фото</p>\r\n<p>7.2 Загрузка видео</p>\r\n<br />\r\n\r\n<p>8. Изменение Правил ресурса</p>\r\n<p>8.1. Администрация ресурса оставляет за собой право в любой момент по собственному усмотрению изменять (дополнять, модифицировать и отменять) те или иные позиции Правил без предварительного уведомления участников, а равно и отменять Правила в полном объёме.</p>\r\n<p>8.2. Все изменения начинают действовать с момента их опубликования.</p>\r\n<p>8.3. Обязанность своевременно отслеживать изменения в Правилах ресурса лежит на его участниках. Незнание Правил не освобождает участников форума от ответственности за их нарушение.</p>\r\n<br />\r\n\r\n<p>9. Согласие с правилами</p>\r\n<p>9.1. Использование вами ресурса 4pda.ru означает, что вы принимаете установленные правила.</p>\r\n<p>9.2. В случае несогласия с приведёнными правилами не используйте ресурс СИЛ.ОРГ.</p>', 3, '2019-06-02 00:00:00', 1, '2019-06-02 00:00:00', 1, 0),
(4, 'union_composition', 'Состав союза', 'Состав союза', 'Состав союза', 'Состав союза', '', 4, '2019-06-02 00:00:00', 1, '2019-06-02 00:00:00', 1, 1),
(5, 'contacts', 'Контакты', 'Контакты', 'Контакты', 'Контакты', '<p>E-mail : SIL.ORG@BK.RU</p>', 5, '2019-06-02 00:00:00', 1, '2019-06-02 00:00:00', 1, 0),
(7, 'home', 'Главная', 'Главная', 'Главная', 'УВАЖАЕМЫЙ ГОСТЬ, МЫ ВАМ РАДЫ!<br />\r\nВАМ БУДЕТ У НАС ИНТЕРЕСНО, ЕСЛИ:', '\r\n<p>- вы считаете себя изобретательным человеком, восхищаетесь\r\nкрасотой технического решения или просто маленькой хитростью и готовы этим\r\n<a href=\"/solutions/add\"><i>поделиться</i></a>;</p>\r\n<p>- здесь, в открытом доступе, мы собираем изобретательность и\r\nрационализм во всех сферах деятельности;</p>\r\n<p>- вам надо решить задачу или можете дать совет, как это сделать;</p>\r\n<p>- вы можете и хотите сделать что-либо хорошо и надежно,\r\nрасскажите об этом, наверняка это кому-то очень надо;</p>\r\n<p>- вас разбирает смех и досада, глядя на техническую глупость -\r\n«техноляп»;</p>\r\n<p>- вы не нашли нужную тему, то можете организовать её\r\nобсуждение со своими единомышленниками;</p>\r\n<p>!!! Если Вы считаете себя автором изобретения, не торопитесь:</p>\r\n<p>- Оформите Патент.</p>\r\n<p>- Вам трудно оформить авторские права - мы поможем.</p>\r\n<p>!!! Если ваши технические рекомендации касаются государственной\r\nи военной тайн, следуйте требованиям законодательства РФ.</p>\r\n\r\n<h2 class=\"ta_center\" style=\"font-size:45px;\"><b>Желаем Удачи!</b></h2>\r\n\r\n<h2 class=\"ta_center\" style=\"font-size:45px;\"><b>ИЗОБРЕТАТЕЛИ, БУДУЧИ В СИЛЕ,\r\nРЕШАТ ЛЮБУЮ ЗАДАЧУ!!!</b></h2>', 999, '2019-06-02 00:00:00', 1, '2019-06-02 00:00:00', 1, 0);

-- --------------------------------------------------------

--
-- Структура таблицы `settings`
--
-- Создание: Ноя 16 2019 г., 13:20
-- Последнее обновление: Ноя 16 2019 г., 13:20
--

DROP TABLE IF EXISTS `settings`;
CREATE TABLE `settings` (
  `setting_id` int(11) NOT NULL,
  `code` varchar(255) NOT NULL,
  `value` varchar(255) NOT NULL,
  `description` text NOT NULL
) ENGINE=InnoDB DEFAULT CHARSET=utf8;

--
-- Дамп данных таблицы `settings`
--

INSERT INTO `settings` (`setting_id`, `code`, `value`, `description`) VALUES
(1, 'phone', '8 (8452) 45-67-89', '');

-- --------------------------------------------------------

--
-- Структура таблицы `users`
--
-- Создание: Ноя 16 2019 г., 13:20
-- Последнее обновление: Ноя 16 2019 г., 13:44
--

DROP TABLE IF EXISTS `users`;
CREATE TABLE `users` (
  `id` int(11) UNSIGNED NOT NULL,
  `ip_address` varchar(45) NOT NULL,
  `username` varchar(100) DEFAULT NULL,
  `password` varchar(255) NOT NULL,
  `email` varchar(254) NOT NULL,
  `avatar_id` int(11) NOT NULL DEFAULT '0',
  `activation_selector` varchar(255) DEFAULT NULL,
  `activation_code` varchar(255) DEFAULT NULL,
  `forgotten_password_selector` varchar(255) DEFAULT NULL,
  `forgotten_password_code` varchar(255) DEFAULT NULL,
  `forgotten_password_time` int(11) UNSIGNED DEFAULT NULL,
  `remember_selector` varchar(255) DEFAULT NULL,
  `remember_code` varchar(255) DEFAULT NULL,
  `created_on` int(11) UNSIGNED NOT NULL,
  `last_login` int(11) UNSIGNED DEFAULT NULL,
  `active` tinyint(1) UNSIGNED DEFAULT NULL,
  `first_name` varchar(100) DEFAULT NULL,
  `last_name` varchar(100) DEFAULT NULL,
  `second_name` varchar(100) NOT NULL,
  `company` varchar(100) DEFAULT NULL,
  `phone` varchar(20) DEFAULT NULL
) ENGINE=InnoDB DEFAULT CHARSET=utf8;

--
-- Дамп данных таблицы `users`
--

INSERT INTO `users` (`id`, `ip_address`, `username`, `password`, `email`, `avatar_id`, `activation_selector`, `activation_code`, `forgotten_password_selector`, `forgotten_password_code`, `forgotten_password_time`, `remember_selector`, `remember_code`, `created_on`, `last_login`, `active`, `first_name`, `last_name`, `second_name`, `company`, `phone`) VALUES
(1, '127.0.0.1', 'administrator', '$2y$12$uqqc4XntNzqhFvYcoXHu3eo.TDLSxK9FGLh/dh/kuaNX21xPkyYp.', 'admin@admin.com', 0, NULL, '', NULL, NULL, NULL, NULL, NULL, 1268889823, 1554626490, 1, 'Admin', 'istrator', '', 'ADMIN', '0'),
(2, '128.68.83.223', '4@gdg.ru', '$2y$10$AE3hv7kSBI.GjELJhLxd3OTWf5hzACr09Y0hPp5eHwIKWLcYuGqua', '4@gdg.ru', 0, '097c92f14e68f76e22bb', '$2y$10$DNHauadHLBQK2xpAvO/.W.V4bjTXuYBLijSFkrfsXe5xpDaKjUApS', NULL, NULL, NULL, NULL, NULL, 1569863099, NULL, 0, '1', '2', '', NULL, NULL),
(3, '83.149.21.171', 'silskino', '$2y$12$cpwJMgDKfQwzUaKjxtUUxO/iRWqC33bAQa.aHknBqiMAdXMdaZDYe', 'skino@bk.ru', 0, NULL, NULL, NULL, NULL, NULL, NULL, NULL, 1569864457, 1573911880, 1, 'Тест', 'Тест', '', NULL, NULL),
(4, '170.81.59.143', 'jocelinjoseph10079@gmail.com', '$2y$10$naQ.AcSNevAsIsIS6GR7G.dIjrUDKTp83INlwOonTzHhvmh9MaSEO', 'jocelinjoseph10079@gmail.com', 0, 'ad99b029280206acc1f3', '$2y$10$lXfymbaE1SuUYXMMIZL14.cvlYwX1uqIKsPWlqKr/9l2Rlpbj0Y9i', NULL, NULL, NULL, NULL, NULL, 1570041359, NULL, 0, 'EdKfPgoWlHqY', 'TlSYWdgoEeBV', '', NULL, NULL),
(5, '128.68.83.223', 'RIPkilobyte', '$2y$12$Z/mpEMaV.Y7l5tmvLIzmJ.fTn2mvQJRAv1ydv/jHFqzUcRnN.3tM.', 'ripkilobyte@gmail.com', 5, NULL, NULL, NULL, NULL, NULL, '37714b72f6913e802672adb7ee4c23522eb13cd9', '$2y$10$9o.ndFbPLmK5yY.eePrymu5PLGURCiu5PmdsKSm8FRg2iRopNiOhC', 1570210202, 1573911285, 1, 'rip2', 'rip1', 'rip3', NULL, NULL),
(6, '5.165.200.25', 'Мастер', '$2y$10$WIB0i16D05lLh/M0MzODNeT8BSilNs45x35Zk49YfEPv8b0Upujk.', 'bulavinsergei1310@gmail.com', 0, NULL, NULL, NULL, NULL, NULL, 'ce37cccdb7e01d423eb94f282f73397a67344d7c', '$2y$10$pDCG4MAQk0VONeRGlDWnrO7wB44VZdvw.tHYuZd2vj.e/e9EmKuJG', 1571758562, 1571758562, 1, 'Сергей', 'Булавин', '', NULL, NULL),
(7, '112.213.162.70', 'Dandelion', '$2y$10$NDZteroT/Q.QO4iP9qi0wOPDwrslPEpL3pU/IWW3FKT/X3bEsivAG', 'yuliasw2002@mail.ru', 0, NULL, NULL, NULL, NULL, NULL, NULL, NULL, 1572218900, 1573890352, 1, 'Юлия', 'Юлия', '', NULL, NULL),
(8, '83.149.21.167', 'catfish', '$2y$10$dt67seE//rgW8ONEcDhPiOBgRpCqOVlPOqVBH7PirM3UM9RPw5aL.', 'catbeesfish98@gmail.com', 0, NULL, NULL, NULL, NULL, NULL, 'd1c9a3aab36b7425f18f9e222b30ba8b9881adaa', '$2y$10$1bgC30hEKrg98WwMew9U4O.PU65HCQXqqyDvSJjnArnmz7yUGDZTS', 1572779139, 1572779139, 1, 'Валерия', 'Чеканова', 'Александровна', NULL, NULL),
(9, '2.92.42.38', 'Геопрогноз', '$2y$10$ES5Npk3UngYis/c4La7mEuUUPsaPqyxp8NuMR8qD892BIIDOtF.1O', 'signal.plus@mail.ru', 0, NULL, NULL, NULL, NULL, NULL, 'b3996a5a8ebe985164645f09009d5c7d6a116e45', '$2y$10$jxWrhQbuXZRa8ucpDu8oRe243UQ4s6CEIrBcyl9uL9ll3iNKY6yUq', 1572945252, 1572945252, 1, 'Николай', 'Амельченко', 'Вячеславович', NULL, NULL),
(10, '83.149.21.167', 'ДОК-ТВ', '$2y$10$TVx6Rx5ghPAJbiXLA3k0TO0ZY5KNQ0ND.tY6tXrajs6mfJVQ4WaVO', 'tvchek@yandex.ru', 0, NULL, NULL, NULL, NULL, NULL, '5c9991a88642a3903b2354694e9a8ec0c5b110c7', '$2y$10$5fYMSfKy5j.VcYwKaiVLBOzyg6UJqs/WzZr2dyLLR5yVuaFuSMkxa', 1573573854, 1573573855, 1, 'Татьяна', 'Чеканова', 'Витальевна', NULL, NULL),
(11, '217.173.76.78', 'СВЧ64', '$2y$10$0VTzqdB8MN1MKp3qAd41WOSdpcZfuPTUt1VyDk4bYP7adMPEzlV..', 'chek5chek@gmail.com', 0, NULL, NULL, NULL, NULL, NULL, '1ecf83ff281ed6ded6e2f9e517520f50f8f7f9d3', '$2y$10$Fv3kojKqXWlg6s5kJoHhieUks3k84FFUpn.LHtIMUleAPZdFpCKYK', 1573747401, 1573747401, 1, 'Сергей', 'Чеканов', 'Владимирович', NULL, NULL),
(12, '188.235.156.6', 'александр', '$2y$10$9NZpHGEjqav/6IPObg4dE.0EeLcRyKvOWI7kEU9B3HeGvZ1kcTRVG', 'alprokurov@yandex.ru', 0, NULL, NULL, NULL, NULL, NULL, '5b423245b6246e42fe22a747ba42f94fffbfebde', '$2y$10$yzuGez6a089dzZ8zTrvN2epbEkKymBDFgjVl.BRss6pXzcN8aFudi', 1573748266, 1573748266, 1, 'александр', 'прокуров', 'александрович', NULL, NULL),
(13, '188.232.25.89', 'следак', '$2y$10$sso0H42DnEU.P45/wfuIOuMDJOm1j7gcFsuEn4TTvABoOoDc5QEfO', 'igorvitnov@yandex.ru', 0, NULL, NULL, NULL, NULL, NULL, '1b7ebbc9d61296c16fbb719c83a8bbbe6f0e7537', '$2y$10$HYwo1sb7uWFuKm288Oe/ieDw8KUjvcC9wc3qgCyU1ei.HJ4WbRmTa', 1573748347, 1573748347, 1, 'игорь', 'игорь', '', NULL, NULL),
(14, '87.248.238.79', 'lid78', '$2y$10$h7.Vhf4DkBQeV9iqSnU3m.sNVO7HFHBcy/fy4Ad4ZvQCWD3VX0za2', 'str7889@yandex.ru', 0, NULL, NULL, NULL, NULL, NULL, '9c5499638c7a4e8d19d070f28e3240728fd3e1ae', '$2y$10$.gp84RuPSqNN5fcrnhpoUeANeq3SUBqELP8cAS6.H67bLXlHP5/cG', 1573748926, 1573748926, 1, 'Виктор', 'Виноградов', 'Сергеевич', NULL, NULL),
(15, '5.167.148.55', 'Сергей', '$2y$10$RUtiKlS2LWYAScXg0TIB8eFVacsgHMces1wNYwX/RM.IIyR7EnsEe', 'sergei131060@yandex.ru', 0, NULL, NULL, NULL, NULL, NULL, '396a85d910c5a3c214efddd1e60b0ff55ea56171', '$2y$10$DAsQQfa4jUrxLNSCcXqe5.xEGRAkkeALYhDiU4QkicRqk7z228i7G', 1573749664, 1573749664, 1, 'Сергей', 'Б', '', NULL, NULL),
(16, '78.106.24.12', 'Дмитрий', '$2y$10$AaWLdM//Z6Mv3zZbNoB5Iu59t8980qRCVhaxCk8ok9Iq8XDTubDk.', 'odpcd@mail.ru', 0, NULL, NULL, NULL, NULL, NULL, '7cbc71b2caede4de699669839abb88b4b3e74b98', '$2y$10$1AFuD09XtlFJDa7t2WRXsuJrzn6zns/hGx94to75yJ65Mw6waimgq', 1573749840, 1573749840, 1, 'Дмитрий', 'Бабушкин', '', NULL, NULL),
(17, '93.81.141.16', 'Сцилла', '$2y$10$ohkQa6RUq.Fdy7W8qKnlQuN/QYDl2jE1JR1XetbGsg1lXjjv1Oa.S', 'marga.silin@gmail.com', 0, NULL, NULL, NULL, NULL, NULL, 'a8f9348afe64b0799c9d9234984ef5c9238b6147', '$2y$10$L6h7K/FIgpUuOYxdpp6VYu22oo07HiRAZHHmE/CiqBWbTgLjlUuPy', 1573750881, 1573750881, 1, 'М', 'С', 'С', NULL, NULL),
(18, '93.81.141.16', 'Novimih64', '$2y$10$GIOF/jMMNkejyEDZxiWH3OxVaOhTFZMo5LctWw8hYwqSXlCoTqXGa', 'bletyarik@mail.ru', 0, NULL, NULL, NULL, NULL, NULL, '2c42d979d7a839bf5cd2c631e9accad7f16be822', '$2y$10$NMcQPGsHPaA3p2oOV7MyUuO332CdT5Pi6OTonRiyPLo7q2VyYfPvi', 1573751631, 1573751631, 1, 'Михаил', 'Новиков', 'Романович', NULL, NULL),
(19, '85.26.164.177', 'Тест14.11.19', '$2y$10$h6HGuWWVbD5d/wZbpRk2cusm9OcDdSjfmsBIVz5xaSMEvMwyP67Eq', 'sil.org@bk.ru', 0, NULL, NULL, NULL, NULL, NULL, NULL, NULL, 1573754566, 1573761796, 1, 'Тест 14.11', 'Тест14.11.19', '', NULL, NULL);

-- --------------------------------------------------------

--
-- Структура таблицы `users_anketa`
--
-- Создание: Ноя 16 2019 г., 13:20
--

DROP TABLE IF EXISTS `users_anketa`;
CREATE TABLE `users_anketa` (
  `anketa_id` int(11) NOT NULL,
  `user_id` int(11) NOT NULL,
  `first_name` varchar(255) NOT NULL,
  `last_name` varchar(255) NOT NULL,
  `second_name` varchar(255) NOT NULL,
  `register_address` text NOT NULL,
  `fact_address` text NOT NULL,
  `inn` int(11) NOT NULL,
  `phone` varchar(50) NOT NULL,
  `email` varchar(100) NOT NULL,
  `bank` text NOT NULL,
  `created_id` int(11) NOT NULL,
  `created_at` datetime NOT NULL,
  `updated_id` int(11) NOT NULL,
  `updated_at` datetime NOT NULL,
  `deleted` tinyint(1) NOT NULL DEFAULT '0'
) ENGINE=InnoDB DEFAULT CHARSET=utf8;

-- --------------------------------------------------------

--
-- Структура таблицы `users_groups`
--
-- Создание: Ноя 16 2019 г., 13:20
-- Последнее обновление: Ноя 16 2019 г., 13:20
--

DROP TABLE IF EXISTS `users_groups`;
CREATE TABLE `users_groups` (
  `id` int(11) NOT NULL,
  `user_id` int(11) UNSIGNED NOT NULL,
  `group_id` mediumint(8) UNSIGNED NOT NULL
) ENGINE=InnoDB DEFAULT CHARSET=utf8;

--
-- Дамп данных таблицы `users_groups`
--

INSERT INTO `users_groups` (`id`, `user_id`, `group_id`) VALUES
(1, 1, 1),
(2, 1, 2),
(3, 2, 2),
(5, 4, 2),
(7, 6, 2),
(8, 7, 2),
(9, 3, 1),
(10, 3, 2),
(11, 5, 1),
(12, 5, 2),
(13, 8, 2),
(14, 9, 2),
(15, 10, 2),
(16, 11, 2),
(17, 12, 2),
(18, 13, 2),
(19, 14, 2),
(20, 15, 2),
(21, 16, 2),
(22, 17, 2),
(23, 18, 2),
(24, 19, 2);

--
-- Индексы сохранённых таблиц
--

--
-- Индексы таблицы `attached_files`
--
ALTER TABLE `attached_files`
  ADD PRIMARY KEY (`attached_file_id`);

--
-- Индексы таблицы `blog`
--
ALTER TABLE `blog`
  ADD PRIMARY KEY (`blog_id`);

--
-- Индексы таблицы `blog_category`
--
ALTER TABLE `blog_category`
  ADD PRIMARY KEY (`blog_category_id`);

--
-- Индексы таблицы `blog_category_voting`
--
ALTER TABLE `blog_category_voting`
  ADD PRIMARY KEY (`voting_id`);

--
-- Индексы таблицы `blog_category_voting_users`
--
ALTER TABLE `blog_category_voting_users`
  ADD PRIMARY KEY (`vote_id`);

--
-- Индексы таблицы `blog_comments`
--
ALTER TABLE `blog_comments`
  ADD PRIMARY KEY (`blog_comment_id`);

--
-- Индексы таблицы `blog_to_category`
--
ALTER TABLE `blog_to_category`
  ADD PRIMARY KEY (`id`),
  ADD KEY `blog_id` (`blog_id`),
  ADD KEY `category_id` (`category_id`);

--
-- Индексы таблицы `feedback`
--
ALTER TABLE `feedback`
  ADD PRIMARY KEY (`feedback_id`);

--
-- Индексы таблицы `groups`
--
ALTER TABLE `groups`
  ADD PRIMARY KEY (`id`);

--
-- Индексы таблицы `login_attempts`
--
ALTER TABLE `login_attempts`
  ADD PRIMARY KEY (`id`);

--
-- Индексы таблицы `pages`
--
ALTER TABLE `pages`
  ADD PRIMARY KEY (`page_id`);

--
-- Индексы таблицы `settings`
--
ALTER TABLE `settings`
  ADD PRIMARY KEY (`setting_id`);

--
-- Индексы таблицы `users`
--
ALTER TABLE `users`
  ADD PRIMARY KEY (`id`),
  ADD UNIQUE KEY `uc_email` (`email`),
  ADD UNIQUE KEY `uc_activation_selector` (`activation_selector`),
  ADD UNIQUE KEY `uc_forgotten_password_selector` (`forgotten_password_selector`),
  ADD UNIQUE KEY `uc_remember_selector` (`remember_selector`);

--
-- Индексы таблицы `users_anketa`
--
ALTER TABLE `users_anketa`
  ADD PRIMARY KEY (`anketa_id`);

--
-- Индексы таблицы `users_groups`
--
ALTER TABLE `users_groups`
  ADD PRIMARY KEY (`id`);

--
-- AUTO_INCREMENT для сохранённых таблиц
--

--
-- AUTO_INCREMENT для таблицы `attached_files`
--
ALTER TABLE `attached_files`
  MODIFY `attached_file_id` int(11) NOT NULL AUTO_INCREMENT, AUTO_INCREMENT=6;

--
-- AUTO_INCREMENT для таблицы `blog`
--
ALTER TABLE `blog`
  MODIFY `blog_id` int(11) NOT NULL AUTO_INCREMENT, AUTO_INCREMENT=46;

--
-- AUTO_INCREMENT для таблицы `blog_category`
--
ALTER TABLE `blog_category`
  MODIFY `blog_category_id` int(11) NOT NULL AUTO_INCREMENT, AUTO_INCREMENT=53;

--
-- AUTO_INCREMENT для таблицы `blog_category_voting`
--
ALTER TABLE `blog_category_voting`
  MODIFY `voting_id` int(11) NOT NULL AUTO_INCREMENT, AUTO_INCREMENT=14;

--
-- AUTO_INCREMENT для таблицы `blog_category_voting_users`
--
ALTER TABLE `blog_category_voting_users`
  MODIFY `vote_id` int(11) NOT NULL AUTO_INCREMENT, AUTO_INCREMENT=47;

--
-- AUTO_INCREMENT для таблицы `blog_comments`
--
ALTER TABLE `blog_comments`
  MODIFY `blog_comment_id` int(11) NOT NULL AUTO_INCREMENT, AUTO_INCREMENT=26;

--
-- AUTO_INCREMENT для таблицы `blog_to_category`
--
ALTER TABLE `blog_to_category`
  MODIFY `id` int(11) NOT NULL AUTO_INCREMENT, AUTO_INCREMENT=93;

--
-- AUTO_INCREMENT для таблицы `feedback`
--
ALTER TABLE `feedback`
  MODIFY `feedback_id` int(11) NOT NULL AUTO_INCREMENT, AUTO_INCREMENT=3;

--
-- AUTO_INCREMENT для таблицы `groups`
--
ALTER TABLE `groups`
  MODIFY `id` mediumint(8) UNSIGNED NOT NULL AUTO_INCREMENT, AUTO_INCREMENT=3;

--
-- AUTO_INCREMENT для таблицы `login_attempts`
--
ALTER TABLE `login_attempts`
  MODIFY `id` int(11) NOT NULL AUTO_INCREMENT, AUTO_INCREMENT=20;

--
-- AUTO_INCREMENT для таблицы `pages`
--
ALTER TABLE `pages`
  MODIFY `page_id` int(11) NOT NULL AUTO_INCREMENT, AUTO_INCREMENT=8;

--
-- AUTO_INCREMENT для таблицы `settings`
--
ALTER TABLE `settings`
  MODIFY `setting_id` int(11) NOT NULL AUTO_INCREMENT, AUTO_INCREMENT=2;

--
-- AUTO_INCREMENT для таблицы `users`
--
ALTER TABLE `users`
  MODIFY `id` int(11) UNSIGNED NOT NULL AUTO_INCREMENT, AUTO_INCREMENT=20;

--
-- AUTO_INCREMENT для таблицы `users_anketa`
--
ALTER TABLE `users_anketa`
  MODIFY `anketa_id` int(11) NOT NULL AUTO_INCREMENT;

--
-- AUTO_INCREMENT для таблицы `users_groups`
--
ALTER TABLE `users_groups`
  MODIFY `id` int(11) NOT NULL AUTO_INCREMENT, AUTO_INCREMENT=25;
COMMIT;

/*!40101 SET CHARACTER_SET_CLIENT=@OLD_CHARACTER_SET_CLIENT */;
/*!40101 SET CHARACTER_SET_RESULTS=@OLD_CHARACTER_SET_RESULTS */;
/*!40101 SET COLLATION_CONNECTION=@OLD_COLLATION_CONNECTION */;
